Item No,Number of Records,Resolved,Short Type Cd,Ts Load,Veh Ser No
DPON-17239-UZOH,1,True,T,3/6/2017 4:22:24 AM,LMN504
JBVD-05396-EMGK,1,False,O,3/6/2017 5:07:51 AM,DPL397
TGNI-17930-CANI,1,False,T,3/6/2017 5:10:04 AM,COH304
WBQT-86291-BZYS,1,False,O,3/6/2017 5:24:11 AM,XSZ543
UJMC-70236-GKZI,1,False,B,3/6/2017 5:27:48 AM,YLV153
DPON-17239-UZOH,1,False,B,3/6/2017 5:31:03 AM,FAQ785
VEMQ-67820-TLVH,1,False,I,3/6/2017 5:52:36 AM,JCV863
WBQT-86291-BZYS,1,False,T,3/6/2017 6:00:08 AM,QAK703
BQPK-36857-WOLS,1,False,I,3/6/2017 6:02:10 AM,YKL520
NQOP-05841-YTMU,1,False,O,3/6/2017 6:19:34 AM,CYB497
SZPK-27901-CSXW,1,False,E,3/6/2017 6:32:02 AM,XWS890
UJMC-70236-GKZI,1,False,E,3/6/2017 6:37:45 AM,UZV267
DPON-17239-UZOH,1,False,O,3/6/2017 6:57:05 AM,PRA475
BTHL-20158-RUVM,1,False,E,3/6/2017 6:59:41 AM,CQU695
BQPK-36857-WOLS,1,False,I,3/6/2017 7:04:24 AM,BKS051
ERLA-57149-MIRO,1,False,O,3/6/2017 7:05:39 AM,IXM739
VEMQ-67820-TLVH,1,False,T,3/6/2017 7:28:00 AM,OGH845
YMEA-30754-XQEI,1,False,E,3/6/2017 7:30:29 AM,HEQ743
JEIA-69245-JRZK,1,True,O,3/6/2017 7:32:01 AM,TCS146
NQOP-05841-YTMU,1,False,O,3/6/2017 7:37:29 AM,YXJ367
ERLA-57149-MIRO,1,False,O,3/6/2017 7:59:50 AM,YXJ367
DIHN-39481-XOQS,1,True,I,3/6/2017 7:59:58 AM,HFT023
SZPK-27901-CSXW,1,True,B,3/6/2017 8:04:49 AM,PFL459
UQXD-15726-BIPT,1,True,T,3/6/2017 8:30:29 AM,TFX540
UWET-47108-UWME,1,False,I,3/6/2017 8:31:22 AM,SPF970
ERLA-57149-MIRO,1,False,I,3/6/2017 8:35:59 AM,SYB619
JEIA-69245-JRZK,1,False,E,3/6/2017 8:39:32 AM,PVZ436
WBQT-86291-BZYS,1,False,E,3/6/2017 8:50:32 AM,FYX245
UWET-47108-UWME,1,False,B,3/6/2017 8:57:09 AM,ZGT053
UQXD-15726-BIPT,1,False,O,3/6/2017 9:05:30 AM,SVP127
WBQT-86291-BZYS,1,False,T,3/6/2017 9:19:27 AM,SEU602
VEMQ-67820-TLVH,1,False,I,3/6/2017 9:30:09 AM,EKJ419
DPON-17239-UZOH,1,False,B,3/6/2017 9:31:17 AM,ODU307
YMEA-30754-XQEI,1,False,T,3/6/2017 9:42:34 AM,XEY483
YMEA-30754-XQEI,1,False,T,3/6/2017 9:43:45 AM,RHZ963
TGNI-17930-CANI,1,True,B,3/6/2017 9:52:56 AM,XPS568
XOGL-46912-QDAU,1,True,T,3/6/2017 9:57:15 AM,IXM739
UWET-47108-UWME,1,False,I,3/6/2017 10:00:36 AM,KCN784
KGAH-24630-HVWS,1,False,I,3/6/2017 10:23:25 AM,YJQ513
DPON-17239-UZOH,1,False,B,3/6/2017 10:26:51 AM,DZV145
XOGL-46912-QDAU,1,False,T,3/6/2017 10:31:00 AM,YNQ647
XOGL-46912-QDAU,1,False,O,3/6/2017 10:31:13 AM,AVP267
VEMQ-67820-TLVH,1,False,E,3/6/2017 10:34:44 AM,EZM816
KGAH-24630-HVWS,1,False,B,3/6/2017 10:40:55 AM,GCY403
SZPK-27901-CSXW,1,False,B,3/6/2017 10:51:11 AM,MTV391
XOGL-46912-QDAU,1,False,O,3/6/2017 10:59:37 AM,TXM724
UJMC-70236-GKZI,1,False,I,3/6/2017 11:00:03 AM,KIP439
NQOP-05841-YTMU,1,False,E,3/6/2017 11:06:05 AM,VTU961
BQPK-36857-WOLS,1,False,I,3/6/2017 11:30:01 AM,FHL296
XOGL-46912-QDAU,1,False,I,3/6/2017 11:33:11 AM,AKC912
JEIA-69245-JRZK,1,False,B,3/6/2017 11:38:58 AM,ZJK473
VPTF-78239-PNCI,1,True,T,3/6/2017 11:39:54 AM,COH304
BQPK-36857-WOLS,1,False,O,3/6/2017 12:05:13 PM,FHU982
JEIA-69245-JRZK,1,True,T,3/6/2017 12:20:00 PM,BVW704
WBQT-86291-BZYS,1,False,T,3/6/2017 12:31:41 PM,JOM027
ERZW-20817-YRLG,1,False,E,3/6/2017 12:52:55 PM,GYV645
BQPK-36857-WOLS,1,False,T,3/6/2017 12:56:51 PM,EPB160
YMEA-30754-XQEI,1,False,E,3/6/2017 1:07:50 PM,ZRF314
VPTF-78239-PNCI,1,False,T,3/6/2017 1:08:29 PM,HCS712
SZPK-27901-CSXW,1,False,O,3/6/2017 1:13:32 PM,FMU279
TGNI-17930-CANI,1,False,O,3/6/2017 1:26:12 PM,JIN079
UWET-47108-UWME,1,True,B,3/6/2017 1:31:50 PM,BOD789
BTHL-20158-RUVM,1,True,O,3/6/2017 1:32:10 PM,JGV965
DIHN-39481-XOQS,1,False,O,3/6/2017 1:45:18 PM,XDQ831
UJMC-70236-GKZI,1,False,E,3/6/2017 1:45:46 PM,HFT023
UJMC-70236-GKZI,1,False,E,3/6/2017 1:52:34 PM,XSE873
VEMQ-67820-TLVH,1,False,O,3/6/2017 2:15:58 PM,ELJ539
UWET-47108-UWME,1,False,I,3/6/2017 2:27:49 PM,QOI045
UJMC-70236-GKZI,1,False,T,3/6/2017 2:29:34 PM,JDG753
UWET-47108-UWME,1,False,I,3/6/2017 2:36:51 PM,WYP854
DIHN-39481-XOQS,1,False,B,3/6/2017 2:46:09 PM,LQU926
DAMK-91025-HUNE,1,False,I,3/6/2017 2:51:36 PM,YBJ023
KGAH-24630-HVWS,1,False,T,3/6/2017 2:53:10 PM,DEF275
DPON-17239-UZOH,1,False,T,3/6/2017 2:53:52 PM,ZUV749
KGAH-24630-HVWS,1,False,B,3/6/2017 2:58:35 PM,JBF372
YMEA-30754-XQEI,1,False,O,3/6/2017 3:02:35 PM,MBP046
ERZW-20817-YRLG,1,True,E,3/6/2017 3:07:02 PM,ASK065
BQPK-36857-WOLS,1,False,T,3/6/2017 3:19:20 PM,USM187
WBQT-86291-BZYS,1,True,I,3/6/2017 3:44:26 PM,CSM507
JBVD-05396-EMGK,1,False,E,3/6/2017 3:51:21 PM,DQT160
UJMC-70236-GKZI,1,True,B,3/6/2017 3:53:17 PM,WDX548
BTHL-20158-RUVM,1,False,I,3/6/2017 3:55:36 PM,TPJ583
BQPK-36857-WOLS,1,False,B,3/6/2017 3:58:28 PM,EHI365
XOGL-46912-QDAU,1,False,E,3/6/2017 4:03:03 PM,OQF675
SZPK-27901-CSXW,1,False,B,3/6/2017 4:06:30 PM,DKW659
ERLA-57149-MIRO,1,False,E,3/6/2017 4:13:11 PM,QRM025
DIHN-39481-XOQS,1,False,O,3/6/2017 4:18:59 PM,DFZ024
YMEA-30754-XQEI,1,True,T,3/6/2017 4:27:09 PM,LMW319
WBQT-86291-BZYS,1,False,O,3/6/2017 4:34:30 PM,AQG261
WBQT-86291-BZYS,1,False,O,3/6/2017 4:49:09 PM,KUR214
DPON-17239-UZOH,1,False,E,3/6/2017 4:49:53 PM,WTB963
UWET-47108-UWME,1,True,I,3/6/2017 4:51:22 PM,UOT175
DPON-17239-UZOH,1,False,T,3/6/2017 4:57:25 PM,UMC018
UQXD-15726-BIPT,1,True,B,3/6/2017 4:57:51 PM,BHK490
JBVD-05396-EMGK,1,True,E,3/6/2017 5:46:18 PM,RHZ963
SZPK-27901-CSXW,1,True,I,3/6/2017 5:52:41 PM,BIM387
WBQT-86291-BZYS,1,True,O,3/6/2017 5:58:20 PM,AHN391
XOGL-46912-QDAU,1,True,B,3/6/2017 7:08:54 PM,UWT728
ERZW-20817-YRLG,1,True,T,3/6/2017 7:19:54 PM,WMR075
TGNI-17930-CANI,1,True,O,3/6/2017 7:54:47 PM,PXG218
UQXD-15726-BIPT,1,True,O,3/6/2017 8:13:33 PM,CNI053
BQPK-36857-WOLS,1,True,O,3/6/2017 8:51:38 PM,GXY421
ERLA-57149-MIRO,1,True,T,3/6/2017 8:58:35 PM,PRC732
UWET-47108-UWME,1,True,I,3/6/2017 10:49:14 PM,EQC843
VEMQ-67820-TLVH,1,False,I,3/7/2017 5:01:18 AM,NVQ785
SZPK-27901-CSXW,1,False,I,3/7/2017 5:14:00 AM,PMG926
UJMC-70236-GKZI,1,False,B,3/7/2017 5:33:27 AM,DZO637
YMEA-30754-XQEI,1,False,T,3/7/2017 5:34:45 AM,PFL459
DAMK-91025-HUNE,1,False,I,3/7/2017 5:43:28 AM,OTS758
BQPK-36857-WOLS,1,False,B,3/7/2017 5:44:27 AM,XGW598
YMEA-30754-XQEI,1,False,B,3/7/2017 5:51:33 AM,NIH936
WBQT-86291-BZYS,1,False,B,3/7/2017 6:05:41 AM,GCI108
JEIA-69245-JRZK,1,True,B,3/7/2017 6:14:58 AM,VCM016
SZPK-27901-CSXW,1,False,O,3/7/2017 6:22:10 AM,WJF683
UQXD-15726-BIPT,1,True,E,3/7/2017 6:24:47 AM,BWH125
JEIA-69245-JRZK,1,False,B,3/7/2017 6:26:01 AM,USH564
VPTF-78239-PNCI,1,False,E,3/7/2017 6:27:37 AM,UJB305
DPON-17239-UZOH,1,False,I,3/7/2017 6:27:46 AM,AYH057
UQXD-15726-BIPT,1,False,I,3/7/2017 6:52:50 AM,YFD846
UQXD-15726-BIPT,1,False,T,3/7/2017 7:17:01 AM,YRW680
UJMC-70236-GKZI,1,False,E,3/7/2017 7:19:28 AM,OBX267
TGNI-17930-CANI,1,False,O,3/7/2017 7:31:46 AM,FZA809
UWET-47108-UWME,1,False,E,3/7/2017 7:50:50 AM,JOM027
UWET-47108-UWME,1,False,E,3/7/2017 7:51:46 AM,PXD385
DIHN-39481-XOQS,1,False,O,3/7/2017 8:05:45 AM,HCR986
ERZW-20817-YRLG,1,True,O,3/7/2017 8:22:35 AM,NSZ265
XOGL-46912-QDAU,1,False,T,3/7/2017 8:26:13 AM,TMU402
DIHN-39481-XOQS,1,False,B,3/7/2017 8:27:53 AM,OIF375
SZPK-27901-CSXW,1,False,I,3/7/2017 8:41:50 AM,GCI108
VEMQ-67820-TLVH,1,False,I,3/7/2017 8:46:31 AM,BPM756
JEIA-69245-JRZK,1,False,O,3/7/2017 9:03:56 AM,MIU465
ERZW-20817-YRLG,1,False,O,3/7/2017 9:11:51 AM,EZA701
JEIA-69245-JRZK,1,False,B,3/7/2017 9:22:38 AM,QMK746
WBQT-86291-BZYS,1,False,E,3/7/2017 9:26:13 AM,CVB953
DPON-17239-UZOH,1,False,B,3/7/2017 9:29:02 AM,WTB963
WBQT-86291-BZYS,1,False,O,3/7/2017 9:32:45 AM,AKC912
DPON-17239-UZOH,1,False,E,3/7/2017 9:43:27 AM,SCQ391
DIHN-39481-XOQS,1,False,O,3/7/2017 9:51:12 AM,WBR310
UJMC-70236-GKZI,1,False,T,3/7/2017 9:54:37 AM,MVW219
DIHN-39481-XOQS,1,False,O,3/7/2017 9:54:44 AM,HRY673
UWET-47108-UWME,1,False,T,3/7/2017 10:00:17 AM,SME316
XOGL-46912-QDAU,1,False,E,3/7/2017 10:09:36 AM,EGQ483
XOGL-46912-QDAU,1,False,O,3/7/2017 10:28:19 AM,OMN803
SZPK-27901-CSXW,1,True,T,3/7/2017 10:37:49 AM,SPF970
KGAH-24630-HVWS,1,False,O,3/7/2017 10:38:37 AM,EUL768
KGAH-24630-HVWS,1,False,E,3/7/2017 10:46:49 AM,FYX245
TGNI-17930-CANI,1,False,I,3/7/2017 10:49:21 AM,CQK129
BQPK-36857-WOLS,1,True,O,3/7/2017 10:50:39 AM,JNV280
ERLA-57149-MIRO,1,True,T,3/7/2017 11:02:12 AM,MXF684
DAMK-91025-HUNE,1,False,T,3/7/2017 11:07:23 AM,LIB341
TGNI-17930-CANI,1,False,O,3/7/2017 11:23:28 AM,SCQ391
SZPK-27901-CSXW,1,True,T,3/7/2017 11:23:53 AM,RVM670
ERZW-20817-YRLG,1,False,T,3/7/2017 11:26:22 AM,FTO836
KGAH-24630-HVWS,1,True,E,3/7/2017 11:27:54 AM,VSI582
NQOP-05841-YTMU,1,False,I,3/7/2017 11:30:10 AM,SBE738
JBVD-05396-EMGK,1,True,O,3/7/2017 11:38:45 AM,VSP254
VEMQ-67820-TLVH,1,True,I,3/7/2017 11:39:33 AM,QTI468
KGAH-24630-HVWS,1,False,I,3/7/2017 11:40:30 AM,SGN329
VPTF-78239-PNCI,1,False,E,3/7/2017 11:46:44 AM,KFQ467
ERZW-20817-YRLG,1,False,I,3/7/2017 11:48:56 AM,YKL719
UQXD-15726-BIPT,1,True,E,3/7/2017 11:51:45 AM,IOU412
DAMK-91025-HUNE,1,False,T,3/7/2017 11:57:49 AM,XQV078
VPTF-78239-PNCI,1,True,E,3/7/2017 11:57:53 AM,XPQ906
JBVD-05396-EMGK,1,True,E,3/7/2017 12:00:09 PM,LVP764
SZPK-27901-CSXW,1,True,O,3/7/2017 12:01:24 PM,VGZ416
BTHL-20158-RUVM,1,False,O,3/7/2017 12:08:34 PM,VZU602
UQXD-15726-BIPT,1,False,O,3/7/2017 12:13:16 PM,ZKY831
UJMC-70236-GKZI,1,True,E,3/7/2017 12:20:25 PM,KIM819
JEIA-69245-JRZK,1,False,B,3/7/2017 12:31:44 PM,DRY562
ERZW-20817-YRLG,1,False,B,3/7/2017 12:45:01 PM,BQV978
NQOP-05841-YTMU,1,True,B,3/7/2017 12:49:43 PM,UJB305
XOGL-46912-QDAU,1,False,I,3/7/2017 12:50:41 PM,TRG517
YMEA-30754-XQEI,1,True,I,3/7/2017 12:51:32 PM,EBL860
UQXD-15726-BIPT,1,True,O,3/7/2017 12:51:49 PM,ODX806
UWET-47108-UWME,1,True,T,3/7/2017 1:04:49 PM,QOI045
XOGL-46912-QDAU,1,False,B,3/7/2017 1:12:06 PM,QMK746
DAMK-91025-HUNE,1,True,B,3/7/2017 1:19:53 PM,YZU059
JEIA-69245-JRZK,1,False,T,3/7/2017 1:20:03 PM,BKS051
DIHN-39481-XOQS,1,True,E,3/7/2017 1:29:50 PM,JDG753
UJMC-70236-GKZI,1,True,E,3/7/2017 1:33:05 PM,GKZ402
YMEA-30754-XQEI,1,False,O,3/7/2017 1:36:17 PM,ZOP278
ERLA-57149-MIRO,1,False,O,3/7/2017 1:42:41 PM,ALP937
UJMC-70236-GKZI,1,False,E,3/7/2017 1:47:23 PM,LED479
YMEA-30754-XQEI,1,True,I,3/7/2017 1:59:47 PM,NMH495
UWET-47108-UWME,1,True,I,3/7/2017 2:07:37 PM,FJY015
YMEA-30754-XQEI,1,False,E,3/7/2017 2:28:06 PM,PTM350
VEMQ-67820-TLVH,1,False,O,3/7/2017 2:32:05 PM,BTO107
JBVD-05396-EMGK,1,True,E,3/7/2017 2:32:15 PM,YGL283
SZPK-27901-CSXW,1,True,E,3/7/2017 2:35:24 PM,ZUV749
SZPK-27901-CSXW,1,True,T,3/7/2017 2:45:49 PM,ELJ539
WBQT-86291-BZYS,1,True,O,3/7/2017 2:46:58 PM,UZV267
DIHN-39481-XOQS,1,False,O,3/7/2017 2:48:41 PM,GJE530
SZPK-27901-CSXW,1,False,I,3/7/2017 2:53:56 PM,TOR798
BQPK-36857-WOLS,1,False,O,3/7/2017 2:54:21 PM,UFV140
SZPK-27901-CSXW,1,False,O,3/7/2017 2:56:28 PM,SQV346
UWET-47108-UWME,1,False,B,3/7/2017 2:56:34 PM,NSZ265
XOGL-46912-QDAU,1,False,E,3/7/2017 3:02:09 PM,DCM402
DIHN-39481-XOQS,1,False,B,3/7/2017 3:05:27 PM,VQD376
YMEA-30754-XQEI,1,True,I,3/7/2017 3:19:06 PM,HPG356
JEIA-69245-JRZK,1,False,B,3/7/2017 3:19:42 PM,BQV978
SZPK-27901-CSXW,1,True,E,3/7/2017 3:29:50 PM,DUT829
UWET-47108-UWME,1,True,E,3/7/2017 3:31:23 PM,SPT823
UJMC-70236-GKZI,1,True,E,3/7/2017 3:41:02 PM,SEU602
UJMC-70236-GKZI,1,True,I,3/7/2017 3:47:33 PM,LEA891
VPTF-78239-PNCI,1,True,T,3/7/2017 3:56:58 PM,FNG604
NQOP-05841-YTMU,1,False,T,3/7/2017 3:58:51 PM,NKE126
UJMC-70236-GKZI,1,False,I,3/7/2017 4:04:53 PM,ZJC386
UQXD-15726-BIPT,1,False,O,3/7/2017 4:04:57 PM,HQI892
ERLA-57149-MIRO,1,True,E,3/7/2017 4:13:25 PM,SDL978
JEIA-69245-JRZK,1,True,O,3/7/2017 4:16:17 PM,EGQ483
WBQT-86291-BZYS,1,False,O,3/7/2017 4:23:35 PM,FYA015
UJMC-70236-GKZI,1,True,O,3/7/2017 4:31:41 PM,USH564
ERLA-57149-MIRO,1,True,E,3/7/2017 4:55:00 PM,TXR569
JBVD-05396-EMGK,1,True,O,3/7/2017 4:56:00 PM,QVP853
DAMK-91025-HUNE,1,False,E,3/7/2017 4:59:27 PM,QFB509
YMEA-30754-XQEI,1,True,E,3/7/2017 5:30:35 PM,PXG218
ERZW-20817-YRLG,1,True,E,3/7/2017 5:31:44 PM,BIP389
YMEA-30754-XQEI,1,True,E,3/7/2017 5:42:58 PM,VZU602
UQXD-15726-BIPT,1,True,E,3/7/2017 5:53:02 PM,EPB160
ERLA-57149-MIRO,1,True,I,3/7/2017 6:12:11 PM,TQL981
UQXD-15726-BIPT,1,True,I,3/7/2017 6:48:56 PM,EUZ386
XOGL-46912-QDAU,1,True,I,3/7/2017 6:50:11 PM,CGV709
UQXD-15726-BIPT,1,True,O,3/7/2017 6:51:38 PM,SEK783
BTHL-20158-RUVM,1,True,E,3/7/2017 6:54:54 PM,YNQ647
ERZW-20817-YRLG,1,True,E,3/7/2017 7:03:32 PM,JTM078
YMEA-30754-XQEI,1,True,T,3/7/2017 7:37:41 PM,QAB348
UJMC-70236-GKZI,1,True,B,3/7/2017 8:05:36 PM,OSR174
JBVD-05396-EMGK,1,True,B,3/7/2017 8:59:15 PM,MRI015
BQPK-36857-WOLS,1,True,E,3/7/2017 9:03:06 PM,GYI784
JEIA-69245-JRZK,1,False,I,3/8/2017 5:10:05 AM,LTP597
VPTF-78239-PNCI,1,False,B,3/8/2017 5:36:00 AM,DZV145
VEMQ-67820-TLVH,1,False,B,3/8/2017 5:41:22 AM,DEU253
DAMK-91025-HUNE,1,False,E,3/8/2017 5:45:55 AM,USK521
DPON-17239-UZOH,1,False,O,3/8/2017 5:48:45 AM,FQP941
VEMQ-67820-TLVH,1,False,O,3/8/2017 5:55:51 AM,ARS065
SZPK-27901-CSXW,1,False,E,3/8/2017 5:58:41 AM,TQL981
ERLA-57149-MIRO,1,False,B,3/8/2017 6:08:17 AM,HCR986
YMEA-30754-XQEI,1,False,T,3/8/2017 6:14:36 AM,KAH129
VPTF-78239-PNCI,1,False,B,3/8/2017 6:26:05 AM,YKZ247
VEMQ-67820-TLVH,1,False,E,3/8/2017 6:33:23 AM,DKE275
DIHN-39481-XOQS,1,False,T,3/8/2017 6:36:00 AM,ORT859
JBVD-05396-EMGK,1,True,B,3/8/2017 6:56:26 AM,RPN162
TGNI-17930-CANI,1,False,B,3/8/2017 6:57:29 AM,QDR380
ERZW-20817-YRLG,1,False,E,3/8/2017 7:14:03 AM,FIA956
DAMK-91025-HUNE,1,False,B,3/8/2017 7:16:45 AM,UHP854
UWET-47108-UWME,1,False,O,3/8/2017 7:36:09 AM,EWR145
ERZW-20817-YRLG,1,True,O,3/8/2017 7:36:23 AM,UHP854
SZPK-27901-CSXW,1,False,T,3/8/2017 7:49:24 AM,XHL458
XOGL-46912-QDAU,1,False,O,3/8/2017 8:14:33 AM,OWH831
JEIA-69245-JRZK,1,True,T,3/8/2017 8:27:50 AM,HUC940
YMEA-30754-XQEI,1,False,E,3/8/2017 8:41:48 AM,PXG218
SZPK-27901-CSXW,1,False,I,3/8/2017 8:43:04 AM,LMW319
ERLA-57149-MIRO,1,True,E,3/8/2017 8:43:54 AM,ELJ539
WBQT-86291-BZYS,1,True,O,3/8/2017 8:44:33 AM,LED479
JEIA-69245-JRZK,1,False,E,3/8/2017 8:58:13 AM,UWT728
JBVD-05396-EMGK,1,False,I,3/8/2017 8:58:47 AM,IMS267
UJMC-70236-GKZI,1,False,T,3/8/2017 9:06:38 AM,KFN372
BQPK-36857-WOLS,1,True,E,3/8/2017 9:08:50 AM,BOD789
JEIA-69245-JRZK,1,False,B,3/8/2017 9:13:38 AM,OJM183
BTHL-20158-RUVM,1,True,B,3/8/2017 9:14:57 AM,CSW718
UWET-47108-UWME,1,True,O,3/8/2017 9:41:52 AM,WDX548
DIHN-39481-XOQS,1,True,T,3/8/2017 9:50:10 AM,OTX594
BTHL-20158-RUVM,1,True,B,3/8/2017 10:10:46 AM,AQG261
SZPK-27901-CSXW,1,False,I,3/8/2017 10:17:38 AM,WYP854
NQOP-05841-YTMU,1,True,I,3/8/2017 10:28:09 AM,UDE280
JEIA-69245-JRZK,1,True,I,3/8/2017 10:28:39 AM,BHK490
ERLA-57149-MIRO,1,True,E,3/8/2017 10:32:54 AM,JNB610
WBQT-86291-BZYS,1,False,I,3/8/2017 10:34:36 AM,KPS365
BQPK-36857-WOLS,1,True,T,3/8/2017 10:35:23 AM,WRD572
JBVD-05396-EMGK,1,False,B,3/8/2017 10:46:14 AM,JCV863
DAMK-91025-HUNE,1,False,O,3/8/2017 10:59:22 AM,NMB510
YMEA-30754-XQEI,1,False,O,3/8/2017 10:59:54 AM,KSX968
DIHN-39481-XOQS,1,True,I,3/8/2017 11:00:42 AM,LZQ657
NQOP-05841-YTMU,1,False,T,3/8/2017 11:01:10 AM,KUR214
UJMC-70236-GKZI,1,False,O,3/8/2017 11:16:36 AM,ZYA587
TGNI-17930-CANI,1,True,T,3/8/2017 11:31:04 AM,KNR831
JBVD-05396-EMGK,1,False,I,3/8/2017 11:38:21 AM,HTI974
BTHL-20158-RUVM,1,False,B,3/8/2017 11:42:15 AM,TOR798
KGAH-24630-HVWS,1,True,T,3/8/2017 11:43:17 AM,MVW219
TGNI-17930-CANI,1,False,I,3/8/2017 11:50:33 AM,BRL042
UWET-47108-UWME,1,False,E,3/8/2017 11:57:58 AM,BLW760
YMEA-30754-XQEI,1,True,O,3/8/2017 12:01:45 PM,MHR081
JEIA-69245-JRZK,1,True,T,3/8/2017 12:06:31 PM,MGF879
JEIA-69245-JRZK,1,True,I,3/8/2017 12:14:18 PM,FEC497
TGNI-17930-CANI,1,False,E,3/8/2017 12:16:35 PM,SME316
ERZW-20817-YRLG,1,True,B,3/8/2017 12:27:08 PM,XNZ706
DAMK-91025-HUNE,1,False,T,3/8/2017 12:28:36 PM,BKS051
VPTF-78239-PNCI,1,False,E,3/8/2017 12:30:17 PM,GSF615
BQPK-36857-WOLS,1,True,T,3/8/2017 12:36:03 PM,LQU926
XOGL-46912-QDAU,1,False,I,3/8/2017 12:42:03 PM,XEY483
DPON-17239-UZOH,1,False,E,3/8/2017 12:44:05 PM,PGY640
ERLA-57149-MIRO,1,True,T,3/8/2017 12:47:31 PM,BEC741
ERLA-57149-MIRO,1,False,T,3/8/2017 12:51:08 PM,EIV921
YMEA-30754-XQEI,1,False,T,3/8/2017 12:51:33 PM,EBL860
SZPK-27901-CSXW,1,True,E,3/8/2017 12:54:52 PM,NTD012
UJMC-70236-GKZI,1,True,I,3/8/2017 12:58:48 PM,KSX968
JEIA-69245-JRZK,1,False,T,3/8/2017 1:13:35 PM,QTF497
UQXD-15726-BIPT,1,False,T,3/8/2017 1:14:34 PM,GKT173
ERLA-57149-MIRO,1,False,B,3/8/2017 1:19:27 PM,VZU602
VPTF-78239-PNCI,1,False,I,3/8/2017 1:22:59 PM,VFR160
JBVD-05396-EMGK,1,False,I,3/8/2017 1:23:02 PM,ZBG249
DIHN-39481-XOQS,1,True,I,3/8/2017 1:23:37 PM,JXK205
DPON-17239-UZOH,1,False,B,3/8/2017 1:24:22 PM,PJL425
DAMK-91025-HUNE,1,True,T,3/8/2017 1:28:05 PM,DKW659
DAMK-91025-HUNE,1,True,E,3/8/2017 1:30:36 PM,RPC461
TGNI-17930-CANI,1,True,I,3/8/2017 1:32:02 PM,DPA037
XOGL-46912-QDAU,1,False,T,3/8/2017 1:38:45 PM,XGC043
DAMK-91025-HUNE,1,False,E,3/8/2017 1:40:49 PM,EWM290
ERLA-57149-MIRO,1,False,B,3/8/2017 1:43:17 PM,GXY421
ERZW-20817-YRLG,1,False,E,3/8/2017 1:43:21 PM,SYV137
ERLA-57149-MIRO,1,True,B,3/8/2017 1:45:59 PM,FNG604
DAMK-91025-HUNE,1,True,T,3/8/2017 1:49:37 PM,TEK452
TGNI-17930-CANI,1,True,I,3/8/2017 1:50:01 PM,IOU412
UQXD-15726-BIPT,1,False,I,3/8/2017 1:50:54 PM,AJF195
SZPK-27901-CSXW,1,False,I,3/8/2017 1:52:28 PM,GXY421
YMEA-30754-XQEI,1,False,O,3/8/2017 1:58:26 PM,MHU637
UQXD-15726-BIPT,1,True,O,3/8/2017 2:05:53 PM,XVO159
NQOP-05841-YTMU,1,False,T,3/8/2017 2:06:06 PM,JIN079
WBQT-86291-BZYS,1,False,O,3/8/2017 2:11:51 PM,FMJ197
UJMC-70236-GKZI,1,True,B,3/8/2017 2:22:59 PM,SVK948
XOGL-46912-QDAU,1,True,I,3/8/2017 2:26:39 PM,XWS890
XOGL-46912-QDAU,1,False,I,3/8/2017 2:30:06 PM,RVM670
JBVD-05396-EMGK,1,False,T,3/8/2017 2:33:02 PM,SWP739
BQPK-36857-WOLS,1,True,E,3/8/2017 2:43:02 PM,EWR145
DIHN-39481-XOQS,1,False,I,3/8/2017 2:43:50 PM,MIU465
JEIA-69245-JRZK,1,False,I,3/8/2017 2:48:09 PM,LWK693
NQOP-05841-YTMU,1,False,I,3/8/2017 2:50:46 PM,LMW319
VEMQ-67820-TLVH,1,True,T,3/8/2017 2:50:46 PM,YCU023
VPTF-78239-PNCI,1,True,T,3/8/2017 2:52:10 PM,BJM584
BTHL-20158-RUVM,1,False,E,3/8/2017 2:52:16 PM,QZH295
JBVD-05396-EMGK,1,True,T,3/8/2017 2:58:38 PM,EJL930
YMEA-30754-XQEI,1,True,T,3/8/2017 2:59:06 PM,XWV562
BQPK-36857-WOLS,1,True,B,3/8/2017 2:59:07 PM,ULN810
UJMC-70236-GKZI,1,True,B,3/8/2017 3:06:06 PM,RIH403
UJMC-70236-GKZI,1,False,I,3/8/2017 3:06:29 PM,UHP854
DAMK-91025-HUNE,1,True,T,3/8/2017 3:12:14 PM,EJH762
ERLA-57149-MIRO,1,True,I,3/8/2017 3:18:24 PM,BDV695
BTHL-20158-RUVM,1,False,B,3/8/2017 3:21:20 PM,ASK065
DAMK-91025-HUNE,1,False,I,3/8/2017 3:25:09 PM,CJQ075
ERLA-57149-MIRO,1,True,I,3/8/2017 3:27:52 PM,ACM236
UQXD-15726-BIPT,1,True,T,3/8/2017 3:32:31 PM,OIF375
VEMQ-67820-TLVH,1,True,O,3/8/2017 3:33:47 PM,EPB160
UWET-47108-UWME,1,False,I,3/8/2017 3:37:09 PM,KQN543
YMEA-30754-XQEI,1,False,B,3/8/2017 3:38:43 PM,OTS758
JEIA-69245-JRZK,1,True,I,3/8/2017 3:46:35 PM,HBM615
XOGL-46912-QDAU,1,False,T,3/8/2017 3:55:08 PM,MUJ483
XOGL-46912-QDAU,1,False,I,3/8/2017 3:57:29 PM,WMR075
DPON-17239-UZOH,1,True,I,3/8/2017 4:04:04 PM,YDL247
VEMQ-67820-TLVH,1,False,T,3/8/2017 4:09:07 PM,HZD382
WBQT-86291-BZYS,1,True,T,3/8/2017 4:09:55 PM,QMF308
XOGL-46912-QDAU,1,False,T,3/8/2017 4:12:03 PM,LVK736
DPON-17239-UZOH,1,True,O,3/8/2017 4:19:51 PM,FQP941
VPTF-78239-PNCI,1,False,E,3/8/2017 4:21:19 PM,EBL860
VPTF-78239-PNCI,1,True,E,3/8/2017 4:23:04 PM,HQI892
VEMQ-67820-TLVH,1,False,B,3/8/2017 4:23:29 PM,KCN784
DAMK-91025-HUNE,1,False,B,3/8/2017 4:33:26 PM,EGK921
TGNI-17930-CANI,1,False,B,3/8/2017 4:34:56 PM,NMB510
ERLA-57149-MIRO,1,True,B,3/8/2017 4:35:18 PM,RZW691
KGAH-24630-HVWS,1,True,E,3/8/2017 4:39:48 PM,JUF147
DPON-17239-UZOH,1,False,T,3/8/2017 4:46:39 PM,ZHB578
NQOP-05841-YTMU,1,True,O,3/8/2017 4:51:31 PM,TRJ645
BQPK-36857-WOLS,1,False,B,3/8/2017 4:52:11 PM,MBG962
ERZW-20817-YRLG,1,True,B,3/8/2017 5:00:18 PM,XFN395
WBQT-86291-BZYS,1,True,B,3/8/2017 5:07:05 PM,WAZ024
ERZW-20817-YRLG,1,True,I,3/8/2017 5:08:19 PM,JYZ708
XOGL-46912-QDAU,1,True,I,3/8/2017 5:14:09 PM,MGR987
UWET-47108-UWME,1,True,I,3/8/2017 5:16:58 PM,GVB853
JBVD-05396-EMGK,1,True,I,3/8/2017 5:17:06 PM,ZDI213
KGAH-24630-HVWS,1,True,E,3/8/2017 5:26:06 PM,KCN784
JEIA-69245-JRZK,1,True,B,3/8/2017 5:30:34 PM,QLV652
DAMK-91025-HUNE,1,True,I,3/8/2017 5:52:28 PM,EGK921
TGNI-17930-CANI,1,True,T,3/8/2017 6:37:36 PM,FUR610
JEIA-69245-JRZK,1,True,B,3/8/2017 6:46:47 PM,SEU602
VEMQ-67820-TLVH,1,True,T,3/8/2017 7:19:17 PM,NVM832
UWET-47108-UWME,1,True,E,3/8/2017 7:43:22 PM,TMZ629
UQXD-15726-BIPT,1,True,E,3/8/2017 7:56:37 PM,TAF284
BQPK-36857-WOLS,1,True,T,3/8/2017 8:03:14 PM,PJL425
NQOP-05841-YTMU,1,True,I,3/8/2017 8:05:43 PM,GKZ402
JEIA-69245-JRZK,1,True,B,3/8/2017 8:07:24 PM,AZS615
SZPK-27901-CSXW,1,True,E,3/8/2017 8:23:52 PM,ROG638
WBQT-86291-BZYS,1,True,I,3/8/2017 9:00:20 PM,JYC109
UJMC-70236-GKZI,1,True,T,3/8/2017 10:35:24 PM,DGE501
DIHN-39481-XOQS,1,False,I,3/9/2017 5:30:23 AM,PGN796
ERZW-20817-YRLG,1,False,T,3/9/2017 5:51:40 AM,XNZ706
ERZW-20817-YRLG,1,False,B,3/9/2017 5:54:01 AM,QZB271
TGNI-17930-CANI,1,False,B,3/9/2017 5:59:29 AM,EKR497
ERLA-57149-MIRO,1,False,O,3/9/2017 6:02:59 AM,TRL028
UWET-47108-UWME,1,False,T,3/9/2017 6:17:30 AM,IHY154
JEIA-69245-JRZK,1,False,E,3/9/2017 6:45:22 AM,OGR812
UJMC-70236-GKZI,1,False,T,3/9/2017 6:56:00 AM,OMN803
DAMK-91025-HUNE,1,False,O,3/9/2017 6:56:02 AM,GYI954
NQOP-05841-YTMU,1,False,I,3/9/2017 6:57:11 AM,ZJC386
DPON-17239-UZOH,1,True,O,3/9/2017 7:06:35 AM,RZW691
DIHN-39481-XOQS,1,False,E,3/9/2017 7:09:29 AM,CJQ075
ERZW-20817-YRLG,1,False,I,3/9/2017 7:15:37 AM,PVO367
SZPK-27901-CSXW,1,False,B,3/9/2017 7:18:50 AM,YHB831
VPTF-78239-PNCI,1,False,O,3/9/2017 7:33:06 AM,RIH403
DIHN-39481-XOQS,1,False,E,3/9/2017 7:40:06 AM,THO850
VEMQ-67820-TLVH,1,True,O,3/9/2017 7:46:43 AM,GLN762
UWET-47108-UWME,1,True,B,3/9/2017 8:09:55 AM,HFT023
KGAH-24630-HVWS,1,True,O,3/9/2017 8:10:26 AM,DPH631
BTHL-20158-RUVM,1,False,E,3/9/2017 8:25:00 AM,TGS974
SZPK-27901-CSXW,1,False,T,3/9/2017 8:38:24 AM,EQF516
VEMQ-67820-TLVH,1,True,T,3/9/2017 8:54:12 AM,DKE275
VPTF-78239-PNCI,1,False,T,3/9/2017 8:56:20 AM,BIM387
DIHN-39481-XOQS,1,True,E,3/9/2017 9:02:17 AM,EGK921
ERLA-57149-MIRO,1,True,O,3/9/2017 9:25:02 AM,QMF308
VPTF-78239-PNCI,1,False,B,3/9/2017 9:31:13 AM,QAK703
YMEA-30754-XQEI,1,True,I,3/9/2017 9:33:32 AM,MHU637
YMEA-30754-XQEI,1,False,T,3/9/2017 9:34:29 AM,ASX065
KGAH-24630-HVWS,1,True,T,3/9/2017 9:49:07 AM,EGK921
DIHN-39481-XOQS,1,False,T,3/9/2017 10:00:59 AM,VFR160
WBQT-86291-BZYS,1,False,B,3/9/2017 10:02:02 AM,CGV709
DAMK-91025-HUNE,1,False,T,3/9/2017 10:11:58 AM,TMN932
SZPK-27901-CSXW,1,False,B,3/9/2017 10:13:30 AM,RPC461
JEIA-69245-JRZK,1,True,E,3/9/2017 10:26:38 AM,BTN205
ERZW-20817-YRLG,1,True,T,3/9/2017 10:30:56 AM,CMI143
JBVD-05396-EMGK,1,True,I,3/9/2017 10:35:26 AM,JTM078
KGAH-24630-HVWS,1,True,T,3/9/2017 10:44:24 AM,LWK693
ERZW-20817-YRLG,1,True,I,3/9/2017 10:53:07 AM,XPS568
TGNI-17930-CANI,1,False,E,3/9/2017 10:53:51 AM,WXK853
BQPK-36857-WOLS,1,False,T,3/9/2017 11:07:41 AM,YWI795
DPON-17239-UZOH,1,True,I,3/9/2017 11:12:28 AM,AMZ845
UWET-47108-UWME,1,True,T,3/9/2017 11:12:46 AM,ARS065
DPON-17239-UZOH,1,True,I,3/9/2017 11:17:41 AM,BUL581
JBVD-05396-EMGK,1,False,O,3/9/2017 11:23:18 AM,EQC843
UWET-47108-UWME,1,True,O,3/9/2017 11:26:48 AM,SBE738
UWET-47108-UWME,1,True,E,3/9/2017 11:28:32 AM,SEU602
NQOP-05841-YTMU,1,True,T,3/9/2017 11:46:50 AM,ZJC386
WBQT-86291-BZYS,1,False,T,3/9/2017 12:09:43 PM,GIJ387
SZPK-27901-CSXW,1,False,B,3/9/2017 12:25:12 PM,XDQ831
BTHL-20158-RUVM,1,False,I,3/9/2017 12:36:12 PM,QNT451
NQOP-05841-YTMU,1,False,E,3/9/2017 12:50:45 PM,LQU926
WBQT-86291-BZYS,1,True,I,3/9/2017 12:56:52 PM,OBX267
TGNI-17930-CANI,1,True,T,3/9/2017 12:56:53 PM,WIK896
UJMC-70236-GKZI,1,False,B,3/9/2017 12:59:23 PM,DCM402
UJMC-70236-GKZI,1,True,E,3/9/2017 1:00:07 PM,EGQ483
DPON-17239-UZOH,1,True,B,3/9/2017 1:00:09 PM,SYB619
KGAH-24630-HVWS,1,False,E,3/9/2017 1:01:07 PM,ADQ781
BTHL-20158-RUVM,1,False,I,3/9/2017 1:01:57 PM,FUR610
BTHL-20158-RUVM,1,False,I,3/9/2017 1:04:34 PM,EGK921
BQPK-36857-WOLS,1,True,O,3/9/2017 1:09:01 PM,XET976
UJMC-70236-GKZI,1,True,I,3/9/2017 1:23:47 PM,ILA257
YMEA-30754-XQEI,1,False,B,3/9/2017 1:30:41 PM,MPO083
JEIA-69245-JRZK,1,False,O,3/9/2017 1:34:36 PM,RZW691
BQPK-36857-WOLS,1,True,T,3/9/2017 1:42:46 PM,MVW427
JBVD-05396-EMGK,1,False,O,3/9/2017 1:58:14 PM,YBJ023
ERZW-20817-YRLG,1,False,E,3/9/2017 2:04:38 PM,RPC461
DPON-17239-UZOH,1,True,B,3/9/2017 2:05:01 PM,AWF720
SZPK-27901-CSXW,1,False,I,3/9/2017 2:11:06 PM,YJQ513
UJMC-70236-GKZI,1,True,T,3/9/2017 2:13:44 PM,OSR174
BQPK-36857-WOLS,1,False,T,3/9/2017 2:15:00 PM,GCI108
TGNI-17930-CANI,1,True,I,3/9/2017 2:32:06 PM,LTV094
BTHL-20158-RUVM,1,True,I,3/9/2017 2:41:25 PM,QOB581
SZPK-27901-CSXW,1,True,I,3/9/2017 2:42:33 PM,YKZ247
BQPK-36857-WOLS,1,True,T,3/9/2017 2:46:43 PM,SCZ739
TGNI-17930-CANI,1,True,B,3/9/2017 2:52:46 PM,QOB581
VPTF-78239-PNCI,1,False,T,3/9/2017 3:03:00 PM,DPL397
ERZW-20817-YRLG,1,True,T,3/9/2017 3:13:50 PM,GCY403
BTHL-20158-RUVM,1,False,E,3/9/2017 3:45:06 PM,VJS501
WBQT-86291-BZYS,1,False,B,3/9/2017 3:49:15 PM,ULN810
BQPK-36857-WOLS,1,True,E,3/9/2017 3:51:26 PM,EXJ810
JEIA-69245-JRZK,1,True,E,3/9/2017 3:55:12 PM,SPI314
UJMC-70236-GKZI,1,False,B,3/9/2017 4:06:42 PM,SIW958
DAMK-91025-HUNE,1,True,O,3/9/2017 4:10:17 PM,SVP127
BTHL-20158-RUVM,1,False,E,3/9/2017 4:18:54 PM,DSG417
VPTF-78239-PNCI,1,True,E,3/9/2017 4:20:41 PM,AWF720
UJMC-70236-GKZI,1,False,I,3/9/2017 4:20:58 PM,HEQ743
SZPK-27901-CSXW,1,False,T,3/9/2017 4:22:18 PM,NVQ785
VEMQ-67820-TLVH,1,True,O,3/9/2017 4:27:11 PM,JBF372
UQXD-15726-BIPT,1,False,T,3/9/2017 4:34:23 PM,PVZ436
VPTF-78239-PNCI,1,False,B,3/9/2017 4:36:05 PM,LES327
YMEA-30754-XQEI,1,True,E,3/9/2017 4:36:46 PM,DVM139
YMEA-30754-XQEI,1,True,O,3/9/2017 4:38:24 PM,ROG638
ERZW-20817-YRLG,1,True,I,3/9/2017 4:46:02 PM,KBY534
TGNI-17930-CANI,1,True,B,3/9/2017 4:48:15 PM,IXT460
UQXD-15726-BIPT,1,False,B,3/9/2017 4:53:21 PM,UAE908
UJMC-70236-GKZI,1,True,B,3/9/2017 4:58:10 PM,YLB740
JEIA-69245-JRZK,1,False,I,3/9/2017 4:58:46 PM,LOF143
UWET-47108-UWME,1,True,T,3/9/2017 5:50:53 PM,SEK173
TGNI-17930-CANI,1,True,T,3/9/2017 5:55:45 PM,KZN183
BQPK-36857-WOLS,1,True,B,3/9/2017 6:01:31 PM,EGK921
JBVD-05396-EMGK,1,True,B,3/9/2017 6:05:06 PM,FHL296
SZPK-27901-CSXW,1,True,T,3/9/2017 6:09:28 PM,HKS329
XOGL-46912-QDAU,1,True,I,3/9/2017 6:19:46 PM,BYF840
UWET-47108-UWME,1,True,E,3/9/2017 6:33:27 PM,TIP072
JEIA-69245-JRZK,1,True,E,3/9/2017 6:44:03 PM,HUC940
JBVD-05396-EMGK,1,True,I,3/9/2017 7:05:14 PM,XEG792
ERLA-57149-MIRO,1,True,T,3/9/2017 7:28:11 PM,FTO836
YMEA-30754-XQEI,1,True,T,3/9/2017 7:36:35 PM,ALP937
BQPK-36857-WOLS,1,True,O,3/9/2017 7:54:20 PM,QTI468
VPTF-78239-PNCI,1,True,B,3/9/2017 7:59:39 PM,JCV863
SZPK-27901-CSXW,1,True,O,3/9/2017 8:06:57 PM,HOX076
JEIA-69245-JRZK,1,True,O,3/9/2017 8:06:59 PM,AJF195
VEMQ-67820-TLVH,1,True,O,3/9/2017 8:34:47 PM,XPB568
ERLA-57149-MIRO,1,True,T,3/9/2017 9:35:40 PM,DCM402
VPTF-78239-PNCI,1,True,E,3/9/2017 10:24:18 PM,NVQ785
YMEA-30754-XQEI,1,True,O,3/10/2017 4:30:10 AM,DJZ516
NQOP-05841-YTMU,1,False,T,3/10/2017 5:04:44 AM,GQV369
JBVD-05396-EMGK,1,False,T,3/10/2017 5:07:44 AM,TMU402
NQOP-05841-YTMU,1,False,B,3/10/2017 5:22:36 AM,LZQ657
WBQT-86291-BZYS,1,False,T,3/10/2017 5:29:50 AM,HCS198
UQXD-15726-BIPT,1,False,T,3/10/2017 5:29:51 AM,HCS198
DIHN-39481-XOQS,1,False,B,3/10/2017 5:31:11 AM,BOD789
JEIA-69245-JRZK,1,False,I,3/10/2017 5:37:48 AM,CSD174
DAMK-91025-HUNE,1,False,I,3/10/2017 5:44:49 AM,TDH408
ERZW-20817-YRLG,1,False,B,3/10/2017 6:16:58 AM,GVB853
VPTF-78239-PNCI,1,False,T,3/10/2017 6:21:14 AM,USD901
UJMC-70236-GKZI,1,True,E,3/10/2017 6:28:21 AM,DUT829
UQXD-15726-BIPT,1,True,O,3/10/2017 6:38:32 AM,EJH762
VPTF-78239-PNCI,1,False,B,3/10/2017 6:44:57 AM,UMC018
UQXD-15726-BIPT,1,False,I,3/10/2017 6:52:26 AM,GBP392
YMEA-30754-XQEI,1,False,E,3/10/2017 7:02:50 AM,EXJ810
DIHN-39481-XOQS,1,False,O,3/10/2017 7:16:54 AM,LSC950
DAMK-91025-HUNE,1,True,B,3/10/2017 7:22:48 AM,IOL046
KGAH-24630-HVWS,1,True,B,3/10/2017 7:26:09 AM,NTD012
KGAH-24630-HVWS,1,False,B,3/10/2017 7:26:10 AM,QTF497
JBVD-05396-EMGK,1,True,T,3/10/2017 7:33:58 AM,EZA701
JBVD-05396-EMGK,1,False,E,3/10/2017 7:36:44 AM,OAW568
BTHL-20158-RUVM,1,False,T,3/10/2017 7:47:08 AM,GVB853
WBQT-86291-BZYS,1,False,E,3/10/2017 7:50:57 AM,SZP362
ERLA-57149-MIRO,1,False,O,3/10/2017 7:59:43 AM,RVM670
JEIA-69245-JRZK,1,True,B,3/10/2017 8:05:01 AM,AKU765
ERZW-20817-YRLG,1,True,O,3/10/2017 8:08:40 AM,SDL978
ERZW-20817-YRLG,1,False,I,3/10/2017 8:09:37 AM,DSG417
JBVD-05396-EMGK,1,False,T,3/10/2017 8:16:01 AM,TXM724
TGNI-17930-CANI,1,False,B,3/10/2017 8:17:54 AM,KQN543
DPON-17239-UZOH,1,True,E,3/10/2017 8:18:06 AM,ZKY831
BTHL-20158-RUVM,1,False,E,3/10/2017 8:25:00 AM,ZUV749
KGAH-24630-HVWS,1,True,O,3/10/2017 8:26:38 AM,SIW958
VPTF-78239-PNCI,1,False,O,3/10/2017 8:36:55 AM,CMI143
DAMK-91025-HUNE,1,True,B,3/10/2017 8:37:03 AM,JOM027
VPTF-78239-PNCI,1,False,B,3/10/2017 8:38:59 AM,LWK693
SZPK-27901-CSXW,1,False,I,3/10/2017 8:45:52 AM,CQV982
WBQT-86291-BZYS,1,False,B,3/10/2017 8:48:34 AM,CQK129
UWET-47108-UWME,1,True,T,3/10/2017 8:56:21 AM,YKL719
ERLA-57149-MIRO,1,True,E,3/10/2017 8:58:10 AM,MVW427
WBQT-86291-BZYS,1,True,E,3/10/2017 9:03:40 AM,ZVI392
DIHN-39481-XOQS,1,False,B,3/10/2017 9:05:55 AM,XGC043
SZPK-27901-CSXW,1,True,T,3/10/2017 9:09:40 AM,QTF497
BQPK-36857-WOLS,1,False,B,3/10/2017 9:13:18 AM,DLX128
BQPK-36857-WOLS,1,True,E,3/10/2017 9:17:16 AM,LJZ634
ERZW-20817-YRLG,1,True,B,3/10/2017 9:19:21 AM,FHL296
XOGL-46912-QDAU,1,False,I,3/10/2017 9:20:58 AM,XDL201
ERZW-20817-YRLG,1,False,E,3/10/2017 9:35:46 AM,ZFK821
DAMK-91025-HUNE,1,False,T,3/10/2017 9:45:12 AM,XNZ706
DIHN-39481-XOQS,1,True,E,3/10/2017 9:56:14 AM,VSP254
NQOP-05841-YTMU,1,True,T,3/10/2017 9:59:04 AM,DCM402
BTHL-20158-RUVM,1,True,O,3/10/2017 10:07:21 AM,HCS198
DPON-17239-UZOH,1,False,T,3/10/2017 10:13:08 AM,AGU058
NQOP-05841-YTMU,1,True,I,3/10/2017 10:14:39 AM,ERT957
VEMQ-67820-TLVH,1,True,B,3/10/2017 10:17:30 AM,RQD648
JEIA-69245-JRZK,1,True,E,3/10/2017 10:17:31 AM,CNE620
NQOP-05841-YTMU,1,False,E,3/10/2017 10:30:33 AM,GPJ498
VPTF-78239-PNCI,1,False,E,3/10/2017 10:32:44 AM,FTI653
VPTF-78239-PNCI,1,True,I,3/10/2017 10:33:14 AM,TGS974
BQPK-36857-WOLS,1,False,T,3/10/2017 10:34:32 AM,TMU402
JEIA-69245-JRZK,1,True,I,3/10/2017 10:46:02 AM,OQS570
DPON-17239-UZOH,1,False,I,3/10/2017 10:54:35 AM,PYH561
DAMK-91025-HUNE,1,True,T,3/10/2017 11:13:59 AM,HTV792
DAMK-91025-HUNE,1,False,T,3/10/2017 11:15:27 AM,IXA749
ERLA-57149-MIRO,1,False,T,3/10/2017 11:16:59 AM,BPM756
KGAH-24630-HVWS,1,False,I,3/10/2017 11:19:31 AM,KIA624
DAMK-91025-HUNE,1,False,E,3/10/2017 11:46:44 AM,UAE908
BTHL-20158-RUVM,1,False,E,3/10/2017 11:47:06 AM,AHO963
DAMK-91025-HUNE,1,True,E,3/10/2017 11:54:51 AM,BOD789
XOGL-46912-QDAU,1,True,T,3/10/2017 12:06:10 PM,MUJ483
NQOP-05841-YTMU,1,True,T,3/10/2017 12:06:12 PM,FHL296
UWET-47108-UWME,1,True,I,3/10/2017 12:16:39 PM,ASK065
VEMQ-67820-TLVH,1,True,I,3/10/2017 12:21:31 PM,UHP854
JBVD-05396-EMGK,1,False,T,3/10/2017 12:23:46 PM,ELI075
TGNI-17930-CANI,1,False,E,3/10/2017 12:26:39 PM,CYB497
UWET-47108-UWME,1,False,E,3/10/2017 12:30:30 PM,BHK490
BQPK-36857-WOLS,1,False,E,3/10/2017 12:30:31 PM,LQU926
XOGL-46912-QDAU,1,True,B,3/10/2017 12:35:14 PM,JKZ317
DAMK-91025-HUNE,1,True,B,3/10/2017 12:36:16 PM,TGJ401
ERZW-20817-YRLG,1,False,T,3/10/2017 12:38:45 PM,LNW546
VEMQ-67820-TLVH,1,False,O,3/10/2017 12:41:39 PM,UWT728
BTHL-20158-RUVM,1,True,B,3/10/2017 12:42:44 PM,QMA357
DAMK-91025-HUNE,1,False,B,3/10/2017 12:45:13 PM,ARS065
ERZW-20817-YRLG,1,True,E,3/10/2017 12:57:56 PM,HMJ710
VPTF-78239-PNCI,1,False,I,3/10/2017 1:21:34 PM,FLX671
UJMC-70236-GKZI,1,False,O,3/10/2017 1:37:06 PM,DSG417
BQPK-36857-WOLS,1,True,E,3/10/2017 1:38:56 PM,SCQ391
UJMC-70236-GKZI,1,True,O,3/10/2017 1:44:17 PM,CNE620
JEIA-69245-JRZK,1,False,E,3/10/2017 1:47:44 PM,DQT160
XOGL-46912-QDAU,1,True,I,3/10/2017 2:07:36 PM,XLW275
DIHN-39481-XOQS,1,False,I,3/10/2017 2:08:08 PM,XEG792
TGNI-17930-CANI,1,False,O,3/10/2017 2:13:20 PM,TQL981
SZPK-27901-CSXW,1,True,E,3/10/2017 2:20:23 PM,TRL028
BTHL-20158-RUVM,1,False,B,3/10/2017 2:23:01 PM,ZFK821
UJMC-70236-GKZI,1,False,T,3/10/2017 2:27:52 PM,JIN079
VPTF-78239-PNCI,1,False,B,3/10/2017 2:28:19 PM,PRC732
VPTF-78239-PNCI,1,True,E,3/10/2017 2:35:17 PM,ZFK821
DIHN-39481-XOQS,1,False,B,3/10/2017 2:36:45 PM,RHX208
YMEA-30754-XQEI,1,True,E,3/10/2017 2:48:52 PM,PYH561
SZPK-27901-CSXW,1,True,I,3/10/2017 2:59:32 PM,ETO603
UWET-47108-UWME,1,True,I,3/10/2017 3:05:16 PM,JTM078
NQOP-05841-YTMU,1,True,I,3/10/2017 3:13:41 PM,LMN504
UJMC-70236-GKZI,1,True,I,3/10/2017 3:14:09 PM,XGC043
JBVD-05396-EMGK,1,True,T,3/10/2017 3:19:29 PM,SVP127
BTHL-20158-RUVM,1,True,B,3/10/2017 3:25:38 PM,TPJ583
VPTF-78239-PNCI,1,True,B,3/10/2017 3:28:41 PM,MGF879
DIHN-39481-XOQS,1,True,B,3/10/2017 3:41:09 PM,ARS065
SZPK-27901-CSXW,1,True,O,3/10/2017 3:42:43 PM,TZO690
DAMK-91025-HUNE,1,True,T,3/10/2017 3:51:41 PM,ERC382
JEIA-69245-JRZK,1,True,E,3/10/2017 3:58:36 PM,TXM724
VEMQ-67820-TLVH,1,False,B,3/10/2017 4:11:38 PM,EZM816
SZPK-27901-CSXW,1,True,O,3/10/2017 4:14:16 PM,REG270
VEMQ-67820-TLVH,1,True,I,3/10/2017 4:15:54 PM,MAU864
UJMC-70236-GKZI,1,False,T,3/10/2017 4:24:27 PM,YCU023
NQOP-05841-YTMU,1,False,O,3/10/2017 4:37:22 PM,AYO527
KGAH-24630-HVWS,1,True,I,3/10/2017 4:42:17 PM,TUQ327
ERZW-20817-YRLG,1,True,B,3/10/2017 4:52:16 PM,EUB580
JEIA-69245-JRZK,1,False,E,3/10/2017 4:54:29 PM,GYI784
YMEA-30754-XQEI,1,True,E,3/10/2017 5:02:35 PM,OQA530
VPTF-78239-PNCI,1,True,B,3/10/2017 5:14:54 PM,AVX943
UJMC-70236-GKZI,1,True,O,3/10/2017 5:15:28 PM,LTV094
UQXD-15726-BIPT,1,True,O,3/10/2017 5:39:21 PM,QOI045
WBQT-86291-BZYS,1,True,T,3/10/2017 5:45:18 PM,OHI196
NQOP-05841-YTMU,1,True,B,3/10/2017 5:51:13 PM,YZU059
NQOP-05841-YTMU,1,True,E,3/10/2017 6:25:08 PM,UVL435
ERLA-57149-MIRO,1,True,T,3/10/2017 6:37:37 PM,YWI795
BTHL-20158-RUVM,1,True,T,3/10/2017 6:39:19 PM,DHQ490
DIHN-39481-XOQS,1,True,O,3/10/2017 6:52:51 PM,OTS758
SZPK-27901-CSXW,1,True,E,3/10/2017 6:59:40 PM,TFU306
VPTF-78239-PNCI,1,True,I,3/10/2017 7:08:25 PM,LZQ657
VPTF-78239-PNCI,1,True,E,3/10/2017 7:11:41 PM,JYE197
ERZW-20817-YRLG,1,True,O,3/10/2017 7:23:19 PM,OAR023
UWET-47108-UWME,1,True,O,3/10/2017 7:33:46 PM,DAJ581
DIHN-39481-XOQS,1,True,T,3/10/2017 7:37:13 PM,ANP821
DAMK-91025-HUNE,1,True,E,3/10/2017 7:44:05 PM,DZV145
VEMQ-67820-TLVH,1,True,O,3/10/2017 7:50:14 PM,ZLK932
DPON-17239-UZOH,1,True,I,3/10/2017 8:30:31 PM,BRL042
ERLA-57149-MIRO,1,True,E,3/10/2017 9:12:14 PM,NZF917
NQOP-05841-YTMU,1,True,E,3/10/2017 9:21:08 PM,SYV137
NQOP-05841-YTMU,1,True,I,3/10/2017 9:21:43 PM,XDL201
UWET-47108-UWME,1,True,O,3/10/2017 9:22:05 PM,FJY015
BQPK-36857-WOLS,1,True,I,3/10/2017 9:22:32 PM,IEX148
ERLA-57149-MIRO,1,True,E,3/11/2017 8:03:19 AM,DAJ581
UJMC-70236-GKZI,1,True,T,3/11/2017 8:40:41 AM,KZN183
DAMK-91025-HUNE,1,True,T,3/11/2017 8:52:37 AM,QLV652
XOGL-46912-QDAU,1,True,I,3/11/2017 9:16:00 AM,ITN172
DPON-17239-UZOH,1,True,T,3/11/2017 9:31:14 AM,XHL458
XOGL-46912-QDAU,1,True,E,3/11/2017 9:38:35 AM,HZD382
VEMQ-67820-TLVH,1,True,E,3/11/2017 10:17:42 AM,KIA624
KGAH-24630-HVWS,1,True,B,3/11/2017 10:45:36 AM,OWH831
DIHN-39481-XOQS,1,True,B,3/11/2017 11:01:26 AM,CSM507
KGAH-24630-HVWS,1,True,T,3/11/2017 11:39:17 AM,YCU023
BTHL-20158-RUVM,1,True,E,3/11/2017 11:52:12 AM,PLD957
VEMQ-67820-TLVH,1,True,O,3/11/2017 12:02:42 PM,NSZ265
BQPK-36857-WOLS,1,True,E,3/11/2017 12:51:23 PM,YNQ647
UJMC-70236-GKZI,1,True,I,3/11/2017 1:31:18 PM,ATG468
VEMQ-67820-TLVH,1,True,E,3/11/2017 1:36:59 PM,LPF925
WBQT-86291-BZYS,1,True,T,3/11/2017 2:18:48 PM,LNW546
DAMK-91025-HUNE,1,True,E,3/11/2017 2:47:54 PM,AWF720
BQPK-36857-WOLS,1,True,E,3/11/2017 3:54:17 PM,LPF925
VPTF-78239-PNCI,1,True,T,3/11/2017 3:58:43 PM,LEA891
SZPK-27901-CSXW,1,True,I,3/11/2017 4:30:39 PM,VCB259
YMEA-30754-XQEI,1,True,T,3/11/2017 4:30:44 PM,XPR275
VEMQ-67820-TLVH,1,True,O,3/11/2017 6:03:16 PM,BVW704
YMEA-30754-XQEI,1,True,O,3/11/2017 6:11:47 PM,XEY483
ERLA-57149-MIRO,1,True,T,3/11/2017 6:36:35 PM,DEU253
DAMK-91025-HUNE,1,True,T,3/11/2017 7:22:07 PM,SFZ186
DPON-17239-UZOH,1,True,E,3/11/2017 7:23:45 PM,AUQ826
UJMC-70236-GKZI,1,True,I,3/11/2017 8:24:57 PM,QZB271
TGNI-17930-CANI,1,True,I,3/12/2017 7:21:51 AM,QZH295
VEMQ-67820-TLVH,1,True,I,3/12/2017 10:09:58 AM,DPL397
BQPK-36857-WOLS,1,True,B,3/12/2017 10:46:08 AM,UJX471
DPON-17239-UZOH,1,True,E,3/12/2017 11:25:20 AM,EHB487
SZPK-27901-CSXW,1,True,E,3/12/2017 11:46:35 AM,DPL397
ERLA-57149-MIRO,1,True,B,3/12/2017 12:00:00 PM,NIH936
BTHL-20158-RUVM,1,True,T,3/12/2017 12:33:41 PM,TQL981
BQPK-36857-WOLS,1,True,B,3/12/2017 12:45:08 PM,LVP764
NQOP-05841-YTMU,1,True,T,3/12/2017 1:36:13 PM,QMA357
NQOP-05841-YTMU,1,True,E,3/12/2017 1:46:55 PM,MHR081
UJMC-70236-GKZI,1,True,T,3/12/2017 1:48:04 PM,MVW427
WBQT-86291-BZYS,1,True,B,3/12/2017 2:14:02 PM,GBP392
DIHN-39481-XOQS,1,True,B,3/12/2017 2:37:37 PM,YWI795
DPON-17239-UZOH,1,True,O,3/12/2017 3:28:28 PM,ODU307
UQXD-15726-BIPT,1,True,B,3/12/2017 3:48:35 PM,UAE908
ERLA-57149-MIRO,1,True,O,3/12/2017 4:31:10 PM,RQJ940
JBVD-05396-EMGK,1,True,I,3/12/2017 5:37:33 PM,EKJ419
YMEA-30754-XQEI,1,True,B,3/12/2017 6:24:31 PM,GTO457
TGNI-17930-CANI,1,True,I,3/12/2017 6:28:32 PM,AGU058
BQPK-36857-WOLS,1,True,E,3/12/2017 10:54:32 PM,RUG084
